<?xml version="1.0"?>
<pagescount>
	<html_total>1</html_total>
	<html_done>1</html_done>
	<images>8</images>
	<script>5</script>
	<css>6</css>
	<pdf/>
	<documents/>
	<excel/>
	<powerpoint/>
	<flash/>
	<audios/>
	<videos/>
	<xml/>
	<json/>
	<txt/>
	<autocad/>
	<fonts>12</fonts>
	<scraping_reload>1</scraping_reload>
	<is_pretty_url>false</is_pretty_url>
	<is_ebn>false</is_ebn>
	<email>vishalankushpatil@gmail.com</email>
	<theme_name>WmdTheme596595</theme_name>
	<server_url_front_page>https://www6.waybackmachinedownloader.com/wdo/files/demo/vickygold.co.in_vishalankushpatil_gmail.com_lsl5am47zj/</server_url_front_page>
	<no_www_url>vickygold.co.in</no_www_url>
	<hosted_domain/>
	<original_archive_url>http://vickygold.co.in/liverate.html</original_archive_url>
	<final_archive_url>http://vickygold.co.in/liverate.html</final_archive_url>
	<front_page_code_date/>
	<total_urls_from_api/>
	<max_reached_live>false</max_reached_live>
	<scrape_other_captures>false</scrape_other_captures>
	<total_size>2172</total_size>
</pagescount>
